{"run": {"data": "/data/imagenet", "data_backend": "pytorch", "arch": "resnet50", "model_config": "ignorefirst10", "workers": 5, "epochs": 90, "start_epoch": 100, "batch_size": 128, "optimizer_batch_size": -1, "lr": 0.1, "lr_schedule": "step", "warmup": 0, "label_smoothing": 0.0, "mixup": 0.0, "momentum": 0.9, "weight_decay": 0.0001, "bn_weight_decay": false, "nesterov": false, "print_freq": 10, "resume": "dnw-micronet-checkpoint.tar", "pretrained_weights": "", "fp16": false, "static_loss_scale": 1, "dynamic_loss_scale": false, "prof": -1, "amp": false, "local_rank": 0, "seed": null, "gather_checkpoints": false, "raport_file": "experiment_raport.json", "final_weights": "model.pth.tar", "evaluate": true, "training_only": false, "save_checkpoints": true, "workspace": "./", "distributed": false, "gpu": 0, "world_size": 1}, "epoch": {"ep": [0], "val.top1": [75.228], "val.top5": [92.62], "val.loss": [1.0581687014007568], "val.compute_ips": [701.0148642751443], "val.total_ips": [699.6584409913477], "val.data_time": [0.0017947199399513966], "val.compute_time": [0.18603727335820114]}, "iter": {"it": [[]], "val.it": [[10, 20, 30, 40, 50, 60, 70, 80, 90, 100, 110, 120, 130, 140, 150, 160, 170, 180, 190, 200, 210, 220, 230, 240, 250, 260, 270, 280, 290, 300, 310, 320, 330, 340, 350, 360, 370, 380, 390]], "val.top1": [[94.53125, 79.6875, 79.6875, 81.25, 82.8125, 79.6875, 85.15625, 78.90625, 85.9375, 96.875, 80.46875, 82.8125, 84.375, 56.25, 70.3125, 77.34375, 68.75, 71.875, 69.53125, 78.90625, 73.4375, 85.9375, 65.625, 85.9375, 36.71875, 53.125, 60.15625, 81.25, 65.625, 75.78125, 76.5625, 47.65625, 70.3125, 61.71875, 68.75, 80.46875, 82.03125, 67.1875, 78.90625], []], "val.top5": [[99.21875, 94.53125, 96.875, 96.875, 91.40625, 97.65625, 99.21875, 99.21875, 96.875, 100.0, 95.3125, 97.65625, 99.21875, 91.40625, 91.40625, 96.875, 91.40625, 88.28125, 94.53125, 95.3125, 97.65625, 96.875, 85.9375, 96.09375, 92.1875, 87.5, 84.375, 89.84375, 85.9375, 88.28125, 89.84375, 78.125, 93.75, 82.03125, 92.1875, 92.96875, 96.875, 95.3125, 93.75], []], "val.loss": [[0.31589311361312866, 0.8243494033813477, 0.7312490344047546, 0.6102626323699951, 0.9194849133491516, 0.830289900302887, 0.5400823950767517, 0.7655192017555237, 0.6066254377365112, 0.2806837856769562, 0.8722965717315674, 0.6890904903411865, 0.5810083150863647, 1.6138995885849, 1.2607852220535278, 0.8790659308433533, 1.275343418121338, 1.3941395282745361, 1.1012767553329468, 0.8986817002296448, 0.9287619590759277, 0.6503928303718567, 1.5508984327316284, 0.6508122682571411, 1.51614248752594, 1.7560073137283325, 1.648666501045227, 1.0129790306091309, 1.5240802764892578, 1.1968133449554443, 1.2096320390701294, 2.158055067062378, 1.2150322198867798, 1.8708173036575317, 1.1509590148925781, 0.9804429411888123, 0.736627459526062, 1.1179192066192627, 0.8817000985145569], []], "val.compute_ips": [[711.4302948706396, 687.1156116415389, 608.884953182841, 610.0147279555048, 607.6644252002549, 722.8413715476698, 720.7752842175358, 715.2004135038859, 719.0915997406897, 719.6776784613157, 726.2647919028384, 717.4167215660283, 722.1869797523797, 717.552879789681, 715.1594469702318, 722.7859016128598, 711.9444629361708, 717.6075493891518, 723.4365055409426, 719.3816279085348, 716.1917080543583, 719.8735721421053, 720.4744626343498, 718.3411187942883, 716.9913205828658, 717.5317814703984, 704.2814234890384, 718.6988449861045, 719.4751419864433, 713.1436101181819, 718.0442459056956, 719.6506670098229, 715.8154751984299, 718.3036358649479, 712.7951767878267, 714.7034159588914, 718.6468948863409, 702.9802162347602, 721.8209211681522], []], "val.total_ips": [[709.9692166905363, 685.2169571349258, 608.0725603858168, 608.7958841399455, 606.9410413407013, 721.6511261539785, 719.7297777015125, 714.1387065793709, 718.0135158087886, 718.6113037833207, 725.1357248305922, 715.897563362834, 721.1160671591672, 716.4975690612159, 714.2023580996319, 721.910216880625, 711.0194948296321, 716.5300821471709, 722.4415946518394, 718.294986513679, 714.7586037953888, 718.1066745137904, 719.3430724808564, 717.3122407969558, 715.8918356706532, 716.4076952947252, 702.7050991746138, 717.6257744402309, 718.4160963899275, 712.1843475446284, 717.1091176234874, 718.5603280742235, 714.868053160623, 717.3036153045532, 711.8283564081282, 713.8120773602014, 717.0114295330159, 701.9581260402788, 721.4271190130331], []], "val.data_time": [[0.00037026405334472656, 0.0005161762237548828, 0.0002808570861816406, 0.0004200935363769531, 0.0002510547637939453, 0.00029206275939941406, 0.0002579689025878906, 0.00026607513427734375, 0.00026726722717285156, 0.0002639293670654297, 0.00027441978454589844, 0.00037860870361328125, 0.000263214111328125, 0.0002627372741699219, 0.00023984909057617188, 0.0002148151397705078, 0.0002338886260986328, 0.0002682209014892578, 0.00024366378784179688, 0.00026917457580566406, 0.00035834312438964844, 0.0004374980926513672, 0.00027942657470703125, 0.000255584716796875, 0.0002741813659667969, 0.0002799034118652344, 0.0004076957702636719, 0.0002663135528564453, 0.00026226043701171875, 0.00024175643920898438, 0.00023245811462402344, 0.00026988983154296875, 0.00023698806762695312, 0.0002484321594238281, 0.00024390220642089844, 0.00022363662719726562, 0.0004062652587890625, 0.0002651214599609375, 9.679794311523438e-05], []], "val.compute_time": [[0.17991924285888672, 0.18628597259521484, 0.2102203369140625, 0.20983099937438965, 0.21064257621765137, 0.1770789623260498, 0.17758655548095703, 0.1789708137512207, 0.17800235748291016, 0.1778573989868164, 0.17624425888061523, 0.17841792106628418, 0.17723941802978516, 0.17838406562805176, 0.17898106575012207, 0.1770925521850586, 0.17978930473327637, 0.17837047576904297, 0.17693328857421875, 0.17793059349060059, 0.17872309684753418, 0.1778090000152588, 0.17766070365905762, 0.17818832397460938, 0.17852377891540527, 0.178389310836792, 0.1817455291748047, 0.1780996322631836, 0.17790746688842773, 0.17948698997497559, 0.17826199531555176, 0.17786407470703125, 0.1788170337677002, 0.17819762229919434, 0.17957472801208496, 0.17909526824951172, 0.17811250686645508, 0.182081937789917, 0.17732930183410645], []]}, "event": {}}